Name,RA,DEC,Max,Min,Period_h
"V965 Cep = GSC 4500-0083 (=NSVS 304708), multiperiodic?",00 09 49.3,+80 21 41,13.7,14,2.04
V1040 Cas,00 31 48.1,+57 01 34,14.8,15.2,1.76
NSV 323,00 51 15.3,-59 03 56,13.0,13.6,3.51
GP And (=GSC 01739-01964),00 55 18.1,+23 09 49,10.4,11,1.89
GSC 9135-0708 (=ASAS J010111-6843.1),01 01 11.0,-68 43 06,12.1,12.5,2.20
V524 And (=GSC 2811-1420),01 05 47.3,+44 35 04,12.3,12.7,2.27
LR Psc (=GSC 0612-0771=ASAS J010618+0846.2),01 06 18.3,+08 46 13,11.2,11.5,1.51
V792 Cep (=GSC 4619-0450),01 08 01.2,+84 47 25,13.7,14.1,3.20
"V791 And (=GSC 2290-1195=2MASS J01092229+3602176), multiperiodic!",01 09 22.3,+36 02 17,14.1,14.4,1.87
KO Psc = GSC 1750-1237 (=ASAS J011024+2719.3),01 10 24.1,+27 19 15,12.9,13.2,2.09
GSC 7004-0394 (=ASAS J012349-3643.7),01 23 49.0,-36 43 42,10.0,10.2,3.07
DW Psc,01 30 26.9,+08 41 34,13.7,14.4,1.43
AX Tri (=GSC 02301-01168),01 31 49.2,+35 13 24,14.5,15.1,1.66
V544 And (=GSC 2815-0790),01 44 27.9,+37 58 54,13,13.5,2.57
GSC 0628-0348,01 45 28.6,+12 54 25,8.9,9.3,3.52
GSC 8047-0536 (=ASAS J015307-5056.5),01 53 07.0,-50 56 30,9.7,10.0,2.18
GSC 5858-1004 (=NSVS 14742359),01 57 54.9,-18 57 47,13.2,13.6,1.55
GSC 7553-0883 (=ASAS J021313-4054.8),02 13 12.7,-40 54 50,12.4,12.8,2.77
DR Ari (=GSC 1220-1131=ASAS J021630+2117.9),02 16 30.2,+21 17 49,10.8,11.1,1.95
V808 And,02 27 38.7,+43 14 43,13.5,13.9,1.49
GSC 7555-0583,02 31 52.6,-41 19 23,13.6,14.4,2.15
V460 And (=GSC 2840-1177),02 34 14.2,+42 14 27,13.2,13.8,1.80
GSC 4705-0264,02 40 48.2,-07 06 17,13.5,14.0,1.80
GSC 7015-0399 (=ASAS J025743-3351.6) -- Non-radial,02 57 42.4,-33 51 35,11.4,11.6,1.56
GSC 2847-0586,03 04 08.4,+38 30 53,10.9,11.1,3.39
ZZ Ret (=NSV 1122),03 21 19.1,-66 18 06,13.6,14.2,2.01
V1090 Per (=GSC 2861-0970=NSVS 4156098),03 22 42.7,+39 06 35,12.2,12.6,2.64
GSC 9158-0919 (=ASAS J032246-7237.8),03 22 45.9,-72 37 46,12.1,12.4,3.11
GSC 7027-0700 (=ASAS J033219-3539.3),03 32 18.8,-35 39 15,10.6,10.8,1.3
GSC 6453-0732 (=ASAS J033715-2832.6),03 37 15.0,-28 32 36,13.4,14.2,1.35
GSC 8501-0497 (=ASAS J040137-5342.1),04 01 37.0,-53 42 06,12.3,12.7,2.28
BG Men (=GSC 9492-2623 =ASAS J040320-8342.0),04 03 20.1,-83 41 59,11.9,12.2,2.06
GSC 5894-0822 (=ASAS J042750-1846.3),04 27 49.6,-18 46 19,11.0,11.3,2.72
GSC 0677-0014,04 30 39.1,+12 49 55,13.9,14.4,2.34
V367 Cam (=GSC 3733-1115 ),04 40 55.2,+53 38 07,10.7,11,2.92
GSC 6472-0193 (=ASAS J045636-2740.8),04 56 36.0,-27 40 48,12.6,13.2,1.88
V376 Cam (=GSC 4519-1078),04 57 20.9,+79 20 59,11.8,12.2,3.37
GSC 8077-0922 (=ASAS J045800-4555.6),04 57 59.6,-45 55 33,12.9,13.8,2.47
GSC 8083-1319 (=ASAS J045801-5011.2),04 58 01.3,-50 11 08,12.7,13.1,2.25
GSC 2396-0781 (=DDE61),04 58 08.9,+34 08 50,14.8,15.2,2.50
V1425 Tau (=GSC 1306-0466=ASAS J053952+2001.2),05 39 52.2,+20 01 09,11.8,12.2,2.08
V337 Ori,05 59 20.5,+20 02 04,11.3,11.6,4.83
V799 Aur,06 05 02.0,+55 09 51,10.4,10.7,1.83
GSC 5942-675 (=ASAS J061614-1925.3),06 16 14.2,-19 25 16,12.5,13.1,1.80
GSC 5371-0256 (=ASAS J061729-1202.9),06 17 29.0,-12 02 52,12.1,12.6,1.83
GSC 5938-0276 (=ASAS J062018-1733.3) -- Non-radial,06 20 17.8,-17 33 15,12.7,13.2,1.72
GSC 5951-2804 (=ASAS J062443-1816.7) -- Non-radial,06 24 42.9,-18 16 43,11.1,11.3,1.60
GSC 8543-0414 (=ASAS J063245-5748.4),06 32 45.2,-57 48 20,12.5,13.0,2.18
GSC 5391-0017 (=ASAS J064635-1455.5),06 46 35.1,-14 55 28,12.2,12.9,2.29
GSC 4801-3841 (=ASAS J065937-0047.0; multiperiodic),06 59 36.7,-00 46 58,9.7,9.9,2.61
GSC 7636-1969 (=ASAS J065955-4201.2),06 59 54.8,-42 01 15,12.0,12.4,1.95
V488 Gem (=GSC 0753-1489=ASAS J070452+1027.5),07 04 52.4,+10 27 24,12.2,12.6,2.24
GSC 5968-1693 (=ASAS J070529-1705.3) -- change in amplitude?,07 05 29.0,-17 05 18,12.1,12.5,2.16
GSC 8909-1936 (=ASAS J070918-6117.4),07 09 18.0,-61 17 24,11.9,12.2,1.75
GSC 9179-0864 (=ASAS J071427-6907.6),07 14 27.0,-69 07 36,11.3,11.6,2.32
GSC 5395-4405 (=ASAS J071941-0913.3),07 19 41.1,-09 13 19,11.6,11.8,2.20
GSC 5974-2665 (=ASAS J072448-1924.0),07 24 48.0,-19 23 60,10.8,11.1,2.58
GSC 7656-2098 (=ASAS J073713-4429.1),07 37 13.0,-44 29 06,12.6,13.4,1.48
FS CMi (=GSC 0191-1282=ASAS J073758+0552.3),07 37 58.4,+05 52 28,12.8,13.2,1.14
GSC 1924-1134,07 44 38.6,+29 12 22,12.6,13,2.33
GSC 5989-2164 (=ASAS J074918-1911.3),07 49 18.0,-19 11 18,12.1,12.6,2.54
AD CMi,07 52 47.2,+01 35 50,9.2,9.5,2.95
GSC 7650-2147 (=ASAS J075413-4005.3),07 54 13.0,-40 05 18,12.8,13.5,2.52
GSC 8928-1300 (=ASAS J080102-6340.5),08 01 02.0,-63 40 30,11.2,11.4,1.82
OW J080205.31-300331.4,08 02 05.3,-30 03 31,14.5,14.7,1.21
GSC 5425-0343 (=ASAS J080529-1357.5),08 05 28.7,-13 57 31,12.7,13.3,2.41
SZ Lyn,08 09 35.8,+44 28 18,9.1,9.7,2.89
KP Lyn = GSC 2977-0238,08 19 17.6,+41 59 00,10.6,11.0,1.82
NT Cam,08 24 17.4,+74 30 25,13.1,13.5,1.98
GSC 6575-2783 (=ASASSN-V J084548.24-253102.0),08 45 48.2,-25 31 02,13.1,13.9,1.7
NP Lyn = GSC 2496-0118,09 14 52.4,+34 18 35,12.9,13.3,1.63
V436 UMa (=GSC 3428-1497=HD 80366; multiperiodic),09 21 02.5,+49 05 54,9.3,9.8,1.78
GSC 2998-0537 (multiperiodic),09 36 04.8,+44 40 42,13.3,13.9,1.30
V447 UMa (=GSC 3810-1553 =NSVS 2522816),09 37 23.5,+55 08 48,13.1,13.4,1.70
V354 Leo (=GSC 2501-1015=NSVS 7467387; multiperiodic),09 47 05.6,+32 01 55,13.1,13.4,3.58
GSC 6603-0991 (=SSS_J095237.2-232827),09 52 37.3,-23 28 28,11.9,12.2,1.77
GSC 6608-1262 (=NSVS 18433413),10 01 35.5,-24 57 16,13.1,13.6,2.03
V468 UMa (=GSC 3004-0870),10 21 35.3,+40 31 41,13.8,14.3,1.97
GSC 1426-0590 (=CSS_J102714.3+205943),10 27 14.3,+20 59 43,13.8,14.2,1.64
GSC 6627-0161=SSS_J102728.0-274532,10 27 28.1,-27 45 33,14.8,15.0,1.12
GW UMa (=GSC 3011-2418),10 44 11.3,+44 40 44,9.5,10.0,4.88
KZ Hya,10 50 54.1,-25 21 15,9.5,10.3,1.43
GSC 4914-0997 (=LINEAR 23679553),10 57 58.3,-01 41 12,14.5,14.8,1.66
V554 Vel (=GSC 7737-0184=ASAS J110239-4423.9),11 02 39.4,-44 23 57,11.8,12.3,2.46
V673 Hya (=GSC 6640-0450=ASAS J110554-2557.2),11 05 54.1,-25 57 11,10.4,10.8,2.59
V451 Dra = GSC 4552-1498,11 24 25.5,+77 42 15,12.9,13.4,1.34
V341 Leo = GSC 4923-0693 (=ASAS J112518-0047.3 =CSS_J112518.3-004714),11 25 18.4,-00 47 14,13.2,14.0,1.60
V358 Mus (=GSC 9238-0506=ASAS J113608-7404.4),11 36 07.9,-74 04 24,12.0,12.4,2.92
V398 UMa = GSC 3832-0152,11 48 42.0,+54 43 01,11.7,12.1,2.19
GSC 6666-0739 (=SSS_J115224.9-235459),11 52 24.8,-23 54 59,13.6,14.0,2.17
GSC 4935-0348 (=ASAS J115229-0245.1),11 52 29.1,-02 45 03,11.3,11.6,2.14
V572 Cam = GSC 4556-1113,12 03 16.9,+80 33 43,11.5,11.9,2.07
PT Com = GSC 1442-1358,12 13 40.8,+17 14 37,11.9,12.2,1.97
GSC 5525-0031=CSS_J121402.3-123150,12 14 02.3,-12 31 50,14.3,14.8,2.13
NSV 5514,12 15 47.2,-36 14 05,13.9,14.4,3.84
GSC 6676-0254 (=SSS_J121624.0-273120),12 16 24.0,-27 31 21,13.7,14.2,1.75
V495 UMa (=GSC 4163-0984=NSVS 2672157),13 03 01.6,+60 01 16,12.7,13.2,1.91
GT CVn = GSC 3031-0307: multiperiodic,13 30 03.4,+43 30 14,14.3,14.6,2.40
V416 UMa = GSC 3850-0137,13 30 50.9,+54 07 46,14.0,14.6,1.52
GSC 4969-0531 (= DDE 135),13 31 40.4,-04 55 21,14.8,15.4,1.42
V1421 Cen (=GSC 7269-0239=ASAS J133213-3202.0),13 32 13.3,-32 02 05,12.2,12.7,2.74
V1338 Cen,14 08 58.5,-46 36 43,10.2,10.7,3.14
GSC 4979-1239 (=NSVS 13316502),14 18 10.0,-04 05 22,13.4,14.2,2.05
QV Vir,14 18 36.7,-06 37 38,14.7,15.2,1.62
GSC 5574-0509 (=NSVS 16129835),14 20 16.7,-13 31 29,12.5,13.2,1.88
V729 Vir (=GSC 0321-0314=ASAS J142443+0438.8),14 24 43.4,+04 38 50,12.9,13.5,1.88
V467 Dra = GSC 3863-0740,14 41 38.1,+56 26 17,11.4,11.7,4.74
KV Lib,14 46 00.8,-10 13 16,14.1,14.7,1.76
V408 Boo (=GSC 0914-0684=NSVS 10553101),14 47 29.9,+11 58 39,13.3,13.7,1.87
GSC 3043-0463,14 50 07.7,+38 14 56,13.7,14,2.50
EH Lib,14 58 56.0,-00 56 52,9.5,10.0,2.33
GSC 5588-0315 (=ASAS J150900-1155.0),15 09 00.4,-11 55 01,13.0,14.0,1.81
V377 Boo = GSC 2566-1398,15 22 21.6,+32 58 45,11.9,12.3,2.18
BC UMi (=GSC 4417-0394=VSX J152239.8+741517),15 22 39.8,+74 15 17,12.5,13.0,3.16
YZ Boo,15 24 07.0,+36 52 01,10.3,10.8,2.50
GSC 7318-1556,15 28 58.8,-32 44 21,13.8,14.2,2.72
YZ UMi (=GSC 4638-0455),15 35 30.4,+85 37 38,12.4,12.7,2.32
V643 Ser (=GSC 0933-0651=ASAS J153602+1107.0),15 36 02.0,+11 06 58,12.5,13.0,2.53
NSV 7158,15 37 12.8,-19 00 38,14.2,14.6,2.03
GSC 6185-0215 (=CSS_J154132.9-161200),15 41 32.9,-16 12 00,14.6,15.1,1.92
V417 Boo (=GSC 3489-0868=NSVS 5201535),15 41 37.0,+51 59 25,12.8,13.3,2.08
V336 Boo (=GSC 3483-0746),15 44 36.6,+46 19 22,12.4,12.7,2.71
V645 Ser (=GSC 5018-1085=ASAS J154613-0026.1),15 46 13.5,-00 26 06,12.1,12.6,1.66
GSC 3490-0814,15 50 28.5,+45 57 52,12.7,13,1.65
CW Ser,15 53 09.8,+06 05 26,11.7,12.1,4.54
V1462 Her (=GSC 2043-1201=ASAS J162643+2329.7),16 26 43.1,+23 29 42,11.9,12.2,1.87
V1116 Her (=GSC 1510-1091),16 30 16.5,+16 55 06,11.5,11.8,2.27
DY Her,16 31 18.0,+11 59 52,10.2,10.7,3.57
V553 Dra (=GSC 4196-1784=VSX J163550.5+661932),16 35 50.5,+66 19 33,13.5,14.0,4.13
V1209 Her (=GSC 3074-0114),16 41 06.9,+40 42 28,13.8,14.5,1.23
V1086 Her (=GSC 2589-0536),16 48 39.3,+30 27 45,13.4,13.7,3.13
V1051 Ara (=GSC 8729-0957=ASAS J173551-5304.8),17 35 50.9,-53 04 48,12.2,12.9,2.72
V1502 Her (=GSC 2080-0986=ASAS J173701+2532.2),17 37 00.8,+25 32 10,13.3,13.6,2.38
V1307 Sco,17 37 41.7,-42 31 05,10.1,10.7,2.81
V3705 Oph (=GSC 0429-2098=ASAS J175245+0700.7=TYC 429-2098-1 ),17 52 45.1,+07 00 41,10.8,11.2,3.51
V1513 Her (=GSC 3097-0583=NSVS 5362489),17 56 09.3,+43 00 54,12.9,13.4,2.02
GSC 1566-2802,18 02 52.5,+21 31 52,13,13.5,1.45
GSC 3104-0010 (=ASASSN-V J182033.14+391001.6),18 20 33.1,+39 10 02,13.7,14.1,1.87
GSC 2623-1174 (= ASASSN-V J182439.29+303218.7),18 24 39.3,+30 32 19,14.3,14.7,1.38
V593 Lyr (=GSC 3109-0162),18 32 06.6,+40 35 56,12.4,13.0,2.45
V1535 Her (=GSC 2108-1564=ASAS J184744+2313.2),18 47 43.7,+23 13 13,11.4,11.7,2.35
LW Dra,19 06 26.4,+68 29 02,11.1,11.4,2.84
V411 Sge (=GSC 1594-2234=ASAS J190724+1901.4),19 07 24.0,+19 01 24,10.5,10.8,3.28
GSC 2640-0396 (=CzeV192),19 07 53.6,+30 38 31,13.9,14.2,1.87
V2684 Cyg = GSC 3934-1904,19 39 55.8,+52 35 13,10.9,11.2,2.62
V1965 Aql (=GSC 1061-1651=ASAS J194355+0950.5),19 43 54.1,+09 50 29,12.3,12.6,3.29
V6544 Sgr (=GSC 7438-1045=ASAS J194734-3547.8),19 47 33.9,-35 47 45,11.2,11.8,1.52
GSC 3570-0292 =ASASSN-V J195903.89+504639.4 (multiperiodic),19 59 03.9,+50 46 39,11.5,11.7,2.09
XX Cyg (=GSC 3948-2144),20 03 15.6,+58 57 17,11.3,12.1,3.24
GSC 1621-1643,20 06 51.6,+17 43 27,11.6,11.9,2.75
V2008 Aql (=GSC 1076-0158=ASAS J200812+1050.8),20 08 12.0,+10 50 48,11.9,12.3,2.08
V2013 Aql (=NSVS 14243430),20 11 34.5,+07 51 04,13.0,13.5,2.07
V973 Cep= GSC 4464-0924 (multiperiodic),20 52 31.4,+70 54 39,12.4,12.7,1.94
V3092 Cyg (=GSC 2696-1396=NSVS 8653951),20 58 45.4,+34 06 47,12.8,13.0,2.47
V490 Aqr (=GSC 0513-0624=VSX J205846.6+014452),20 58 46.7,+01 44 52,12.0,12.3,1.74
V601 Vul,21 19 05.3,+27 31 48,12.6,12.9,2.76
V2455 Cyg (=GSC 3590-1884),21 28 24.6,+46 40 31,8.5,9.0,2.26
V465 Peg (=NSVS 11672463),21 51 52.3,+17 44 44,13.3,13.5,2.59
KZ Lac,22 18 46.5,+50 31 48,14.5,15.2,2.80
GSC 5226-1154,22 26 40.1,-01 38 17,11.1,11.3,1.03
CY Aqr,22 37 47.8,+01 32 05,11.3,11.8,1.46
V536 Peg (=GSC 1158-0921),22 39 54.2,+13 26 14,12.7,13.1,1.55
V547 Lac = GSC 3214-2097 (=NSVS 6124972),22 47 21.4,+39 09 22,12.1,12.4,2.29
DY Peg,23 08 51.2,+17 12 56,10.0,10.6,1.75
V757 Peg (=GSC 1716-1598=NSVS 11869292; multiperiodic),23 18 26.1,+17 57 44,13.2,13.6,2.38
CSS_J232053.7+373851,23 20 53.7,+37 38 52,14.5,14.9,2.48
DW Phe (=GSC 8459-0201=ASAS J234003-4738.7),23 40 03.3,-47 38 38,11.4,11.8,2.67
DV Scl (=GSC 7519-0109=ASAS J235951-3343.5),23 59 51.2,-33 43 33,11.2,11.9,4.01
